,x,y
man,49.975616,10.104655
woman,52.28076,15.264685
master,49.532536,10.802817
black,40.06618,17.45558
slave,38.612766,14.482982
white,40.904022,17.128197
house,-9.939165,-39.9865
folk,35.91622,20.08866
good,-5.0172343,45.286686
child,50.206158,18.036758
went,3.0552893,-9.825796
year,42.678814,4.066863
said,7.9341297,27.278435
work,17.463987,-26.234726
made,-60.76705,-25.196383
right,-19.184978,34.947853
plantation,39.521954,13.467434
people,35.552414,19.993034
done,-19.653812,34.33312
name,61.690964,4.640053
used,-61.342705,-25.436907
home,47.46812,-25.144209
married,56.742332,8.318377
born,51.78344,-3.3560863
night,-16.56564,-24.597961
told,8.207614,26.964088
yankee,40.720543,-12.785006
took,6.5329504,-11.11151
died,55.546837,8.1540165
day,1.6878159,32.122643
church,10.05983,15.205305
lived,51.63541,-1.3824327
young,45.860863,17.102982
time,1.224109,32.08205
free,40.3672,25.085827
county,55.417953,-6.0773163
eat,-20.394161,-35.39662
slavery,36.314804,16.90833
life,41.41532,4.5856967
field,-14.952558,-42.738735
freedom,40.98394,24.428852
money,31.547897,-21.382193
sold,36.491547,-27.6334
heard,7.3991203,22.081564
called,2.2125375,-9.000906
came,1.577533,-2.8553855
thing,-0.6179574,31.411999
worked,18.390106,-24.818666
family,40.02652,12.53662
want,-1.6659383,38.754
stayed,4.3666663,-7.746776
cotton,-25.185871,-49.665554
hand,-55.164127,0.6385479
wanted,-1.2068455,37.756218
left,6.84533,-6.5394454
school,32.148502,38.307922
named,61.953697,4.205426
hard,-7.495476,43.753265
clothes,-62.72077,-10.222119
john,59.190647,4.89986
plenty,-5.502275,44.517857
bed,-56.12408,-17.908367
horse,-4.9311466,-21.593122
another,8.305953,25.535704
corn,-26.137161,-46.611546
wood,-39.88328,-14.993844
stay,4.6885233,-7.2410417
gwine,-18.617422,35.784275
farm,23.959684,-22.815985
better,-4.1125875,45.442516
seen,4.13685,4.142847
set,-35.262264,16.272049
water,-38.050816,-27.42295
hear,7.4783373,22.04016
jus,-22.985956,29.507551
side,-42.8477,-5.406813
head,-52.792618,1.405616
hit,-37.269524,40.02269
bad,-5.1126266,49.083496
dead,13.381832,41.949657
cook,-16.08508,-35.300735
ca,3.7522032,45.085693
since,42.735325,3.5976
soldier,41.19591,-14.159385
anything,-4.3945813,29.587677
overseer,-6.631572,14.270458
seed,-29.865257,34.14106
enough,-6.874168,39.368435
kept,-26.921423,19.793386
baby,51.598442,18.967125
near,29.319962,-40.369633
raised,29.394152,-31.360691
mile,29.361067,-41.258823
sunday,-15.064025,-18.882006
kind,-14.299377,-3.0057247
yard,-10.964984,-39.99709
town,48.735165,-25.899263
meat,-27.566792,-36.142525
knowed,-27.208542,37.779095
whip,-8.758543,14.286786
gone,-2.6559224,23.103468
talk,-12.931444,41.697918
age,43.22673,5.585261
doctor,-7.191739,-11.655785
fore,-20.94731,34.079372
saw,4.1438804,3.9029462
bought,34.498344,-26.653034
room,-7.293555,-38.455647
goin,-20.82487,21.795574
read,30.285055,42.375187
help,13.020558,-23.861504
thought,3.0545642,23.973263
lord,11.789985,53.140858
arkansas,51.593235,-14.149613
going,1.6679682,-0.5445444
cut,-49.439434,-11.710387
shoe,-65.549904,-7.6333423
tree,-28.184513,-26.4596
foot,-52.112812,-1.8167601
cabin,-9.473543,-39.898518
living,49.258617,-0.7110299
sick,-6.2370915,-11.553207
mean,-5.823303,49.387573
road,31.279902,-44.00868
next,-12.620084,-19.93076
along,-2.8366961,-23.775923
land,25.913658,-23.20651
nobody,-6.817338,33.25587
started,-1.2902822,-10.187647
together,-43.980038,-1.8646433
mighty,-11.844459,60.794907
lot,-11.208409,47.45293
pretty,-10.115631,61.59633
brought,34.964577,-31.006496
river,34.4112,-43.67753
owner,37.810738,13.293545
week,15.513383,-33.430286
last,9.767585,-0.9754281
owned,57.924625,-2.916725
heap,-11.782542,47.612347
beat,-9.533061,17.027939
small,21.422329,-38.061134
ago,28.421097,-11.02339
dr,50.41912,9.228983
new,46.932507,-35.637596
god,12.394295,53.13713
nothing,-1.8314384,28.753853
month,15.764307,-33.28707
dese,-16.555721,40.944977
ku,-9.818522,8.984721
say,21.990356,45.30871
north,53.302986,-19.532686
street,20.446589,-44.22353
great,15.148169,-16.96307
preacher,9.38677,12.692576
fine,-17.611252,4.4308705
care,9.307179,-24.298101
fire,-42.1383,-31.748207
soon,45.47727,-24.853142
belonged,62.36721,3.2166104
south,53.411274,-19.605194
mississippi,52.20272,-14.441235
sent,3.0817413,-15.246113
death,11.763719,42.928215
klux,-7.3881483,10.409531
dress,-62.950024,-9.12742
wore,-66.127235,-9.7132015
moved,51.90635,-0.7276264
whipped,-8.018155,14.174333
found,4.2487903,2.0949852
asked,9.729544,28.41701
log,-43.93085,-20.347408
daddy,50.472992,11.493414
looked,6.629325,27.72123
door,-4.9601307,-39.73792
killed,-17.586824,11.445934
country,55.10677,-24.748766
everything,-1.389218,30.046045
cow,-33.332706,-52.4773
pas,-7.987797,6.446779
hog,-32.22232,-51.463387
hundred,28.137135,-18.620407
food,-23.536583,-35.41478
cooked,-16.578619,-34.60109
whar,-30.04452,30.720005
pay,30.82681,-24.93667
til,-21.402029,32.00199
tom,60.37793,22.058868
find,-5.9284277,24.428453
ise,-0.7802634,53.83331
bread,-34.73879,-41.153732
mule,-5.600285,-21.819233
best,-4.5579414,46.464157
part,35.09657,-5.6619153
morning,-12.767948,-26.145826
even,4.558038,37.88024
dog,-25.419813,0.3357622
something,-6.5365252,29.147987
close,42.210243,-4.079466
mind,5.724498,57.376167
mary,70.023506,12.019266
marry,57.31011,8.271261
george,50.20616,-8.350147
sell,35.53511,-28.250196
leave,5.36932,-6.5211263
chicken,-35.624218,-51.06865
large,21.709824,-38.39005
deir,-26.87425,30.799526
ground,-41.635674,-11.951785
carolina,50.426617,-11.562896
bos,-12.251043,-7.9960423
know,0.26093403,53.826206
lady,51.100243,15.58155
henry,52.457165,7.918922
gave,13.871276,-6.290065
sure,-1.05951,48.307106
jim,60.31935,17.471603
grown,43.874573,17.165497
given,14.691221,-5.5191975
carried,3.9237986,-11.190042
georgia,56.095745,-10.408409
parent,48.82635,14.208099
piece,-54.14814,-11.538272
write,30.068748,41.37575
else,-3.2410266,38.722645
buy,33.01292,-26.532253
whole,-32.12679,24.172455
acre,25.437916,-21.313549
song,1.7168236,11.562313
high,-39.64314,-7.3505573
half,18.578552,-56.71367
state,36.000435,-9.4389925
scared,-16.061932,20.416494
quarter,-9.7427845,-41.228497
dollar,30.666674,-21.902216
wagon,1.111242,-25.358458
livin,3.9928217,-34.861786
red,-50.131638,6.3438377
sing,2.0383432,11.867516
full,-35.32881,-23.076588
able,13.811322,-22.662575
virginia,52.044277,-10.487497
carry,2.8738115,-17.440102
spring,36.5349,-46.470943
davis,43.624878,31.136765
eye,-57.458973,4.021837
learned,29.278788,38.129623
believe,24.17164,26.872303
cloth,-64.003456,-17.53307
wuk,-25.817263,29.41495
wear,-66.201096,-9.636541
several,25.684078,-7.9765353
caught,-13.045528,9.134856
course,3.1616464,31.908758
honey,-16.336521,54.831627
kin,-30.95993,41.631878
mi,54.64339,21.32425
pot,-39.853065,-31.450562
comin,-21.286922,21.294682
front,-4.3677783,-36.874447
somebody,-7.747728,31.157038
light,-20.134573,-26.154558
dance,-19.478916,-14.295314
end,-41.889458,13.244549
joe,60.812115,21.754076
rock,-37.968533,-19.226475
chilluns,49.506336,18.347744
kill,-17.831738,13.326188
story,20.237743,22.81976
winter,-55.427544,-28.700197
member,-31.382763,32.402195
lincoln,42.63644,32.483837
stick,-48.4038,14.058948
knew,8.786192,5.614401
die,10.793071,43.56408
also,17.036055,-11.39958
mam,-12.09961,40.44075
crop,-22.62396,-50.55686
everybody,36.26753,21.405653
turn,-29.102886,9.503042
boat,34.58824,-41.939915
fust,-39.9094,44.50224
walk,-9.8914,-4.324826
word,12.751068,56.656216
hot,-44.317158,-31.452332
trouble,-2.3678145,45.497562
kitchen,-12.324956,-38.060966
love,6.7292147,47.871243
hair,-61.5442,-2.6823661
low,-24.914972,35.378445
folks,-29.403284,29.37088
built,16.179655,-41.542145
clean,7.506524,-39.22466
book,30.093742,44.417076
pick,-16.268757,-48.268345
raise,29.404114,-31.339172
gun,-19.954529,12.111767
broke,-20.412664,10.644213
often,22.045164,-9.785102
dinner,-16.38871,-29.93795
later,28.266865,-10.608493
play,9.164082,-17.632675
christmas,-15.587798,-17.323566
vote,31.979479,31.893099
though,22.82626,51.883774
allowed,18.5471,-3.6685026
taken,6.704441,-11.55928
blue,-65.69937,-1.4825149
mo,-33.93494,41.26672
meal,-34.359013,-42.490685
hill,30.71295,-41.60174
have,-43.89245,33.093765
glad,-6.3218694,56.41009
job,16.1768,-27.126482
ho,-4.5459185,-20.858519
milk,-33.301323,-38.947884
ran,0.16788138,-2.6464014
civil,25.97465,1.3932754
indian,15.081767,15.117483
dan,-31.34916,39.62935
garden,-25.584227,-43.045357
mornin,-12.55929,-26.24533
table,-11.830684,-36.564594
rest,9.497357,-0.9356384
show,-47.30549,38.978542
tried,-1.2693874,36.603508
paid,30.339014,-25.083122
tole,-26.28979,38.80948
floor,-46.18857,-19.51172
bring,3.437077,-17.559746
hold,-52.125584,14.330839
world,13.696013,54.31727
without,15.934744,-0.86677814
poor,-8.707601,52.863102
surrender,39.964294,26.09529
played,9.354239,-17.31104
army,41.567654,-13.894555
others,38.079697,15.237549
sleep,-56.125443,-20.324509
et,-18.723019,-34.408943
face,-56.5693,4.280194
working,18.80804,-25.080957
befo,-21.770523,35.177605
hide,-33.00488,-6.2847705
might,-5.0667887,34.59256
blood,-54.25989,-3.7107215
buried,-34.458492,-16.944221
ask,13.009336,30.57763
friend,32.388454,22.195887
allus,-23.626524,29.376049
block,38.35443,-27.341074
nice,-18.8901,4.44224
green,-29.064865,-43.522903
dark,-19.314201,-25.846533
reckon,-22.086477,43.171165
treated,16.375546,36.26673
cold,-53.136127,-28.346289
nearly,18.584314,-56.71604
aint,-2.0672765,53.46413
hw,57.070858,-32.766315
stand,-37.190807,13.581726
coming,1.0608339,-0.6232406
somethin,-7.458355,29.1843
oman,-28.605421,29.356743
need,-3.1939487,42.195133
tennessee,52.207264,-12.907478
shirt,-63.75753,-9.095165
body,-48.339676,-28.094175
cept,-21.67917,28.115686
one,48.29875,20.339975
today,9.702178,50.367558
general,43.38588,-11.790293
bible,29.139927,44.738335
stop,-28.031603,14.000676
wash,7.0334067,-35.740486
different,25.226572,-5.4510565
bill,59.873325,23.572292
remembers,20.12165,9.934853
fo,-38.91595,37.232437
sam,54.061283,27.12426
stock,-30.319427,-53.92946
must,10.942432,58.987556
brown,0.87365556,-56.743267
top,-47.24436,-3.9528658
person,33.257946,21.795765
open,-4.238809,-43.98065
drink,-24.00275,-19.098684
across,-1.7099384,-3.5334606
sir,-1.640912,61.62396
texas,53.752274,-12.893255
smith,56.7612,3.554122
mah,-39.423065,49.641872
cake,-37.09283,-37.111557
darky,39.810356,18.677336
ready,5.5836678,57.9288
farmed,22.336454,-23.06586
city,47.881035,-0.73956954
place,-5.7840495,6.6316457
turned,-29.302515,9.692328
saturday,-14.616561,-20.266575
second,61.79215,9.831768
anybody,-6.224259,33.474674
wo,2.902161,43.52567
william,60.67276,3.169495
lawd,11.562408,53.817368
lay,-42.129486,12.137805
hole,-43.22341,-18.559164
taught,29.656544,38.338326
mill,35.062737,-38.90099
possum,-23.588827,-5.475598
start,-39.47016,25.478188
git,-22.73325,46.919014
neither,4.7693605,37.391445
shot,-19.713037,11.831974
mar,48.344376,11.451645
real,-13.324152,60.56919
catch,-14.012239,9.86663
williams,57.82364,-1.647217
paper,30.695646,45.82512
leg,-51.08725,-1.8368112
creek,34.953606,-44.315434
fast,-8.727781,43.053562
happy,12.568017,36.858944
roun,-25.465563,25.713932
im,-9.776589,27.548418
pension,32.085224,1.0562739
didnt,1.5795823,41.45645
iron,-39.34419,-32.510902
freed,40.523903,24.420177
jest,-24.474834,61.54751
union,37.11709,-12.93217
learn,28.64029,40.71364
case,-30.75389,46.226765
belong,64.10754,3.010342
early,-18.26461,-23.030033
fight,39.205963,-16.488733
whut,-34.726746,36.642548
sign,20.402214,29.748524
behind,-4.316786,-23.083332
alabama,51.44621,-13.278785
pine,-39.189873,-15.745712
drove,-0.4668571,-23.105402
store,47.54969,-28.709877
fell,-39.42273,5.0078125
voted,33.253075,32.3749
fed,-22.841942,-36.058315
send,2.8101604,-15.842565
come,-25.18472,48.83816
race,22.562174,34.3357
older,45.30546,16.354946
hid,-32.65189,-6.641877
hired,18.253502,-23.48155
step,-3.8034437,-38.83097
fall,-38.991943,4.877929
fish,-21.875858,-5.526585
ought,2.7575583,46.946613
helped,13.65239,-24.675776
rich,55.270336,-25.249523
cross,-32.493114,13.127929
reason,0.73178697,27.659597
cry,-7.5734854,21.070541
feed,-22.385077,-37.011932
jail,38.416294,-1.4213679
tuk,-25.68536,31.40285
sort,-14.938422,-1.9613034
fence,-47.74347,-13.570057
oldest,60.248425,10.011034
teacher,31.91069,38.39622
ax,-19.198248,37.33792
known,33.473385,-4.881862
go,-23.624435,48.052452
wheat,-25.71783,-49.261417
fur,-43.741222,39.844517
summer,-54.411415,-29.035889
hurt,-4.2146125,17.970236
line,33.29409,-43.445442
stopped,2.2479353,-10.754746
finally,27.757524,-9.519644
guess,23.775154,53.572845
business,33.305847,34.14163
chile,-17.861452,55.177856
chair,-5.1790657,-35.677746
ben,61.643723,23.892437
quit,-2.58382,-10.6489725
baptist,12.058406,15.653504
nough,-6.9751797,39.346382
railroad,45.630627,-35.550488
ash,-46.17401,-31.219814
began,-4.7820854,-0.19943465
supper,-15.943676,-29.80458
jones,54.51991,-0.89359367
generation,21.956057,35.32999
train,44.54296,-34.315605
jack,60.502,24.213352
arm,-52.2495,0.8426306
ride,-2.9983866,-18.691767
tied,-45.335674,1.6101741
sun,-51.34513,-23.852877
porch,-4.0796375,-35.625957
washington,39.428764,34.46347
yet,22.9818,52.581482
tea,-49.692104,-37.14951
oclock,-16.81081,-25.130367
dont,3.2088299,45.792595
present,34.408043,10.840873
fireplace,-41.201946,-32.413338
mostly,-24.895348,-45.86955
doin,-18.314915,33.309357
held,12.304386,7.1456957
maybe,-22.529488,44.719498
lost,-36.60302,0.26104996
service,9.930734,10.104839
rabbit,-23.202177,-7.123263
sweet,-38.38611,-38.04755
lowed,-25.813501,34.336018
wait,11.548619,-30.253622
pray,4.8893547,11.055025
pea,-28.889301,-41.94672
tall,-38.491055,-7.1954846
salt,-33.464066,-30.55504
straight,-39.813053,-1.1044077
rode,-3.129001,-17.557451
tell,-28.224949,46.294758
box,-43.14316,-16.049017
kentucky,51.19157,-9.945844
potato,-30.655157,-40.419167
smart,17.884344,40.326664
sometime,-40.017624,37.085747
whipping,-6.7673798,15.666157
picked,-15.85265,-48.75192
captain,49.812073,7.0857277
mad,-7.1251674,52.222225
wild,-23.736347,-8.758156
steal,-31.03252,-8.123495
jeff,43.986935,33.49328
nigh,-32.9501,26.867365
rice,-29.08801,-46.775223
among,25.23173,-2.1318834
sight,-13.079346,24.257761
needed,-3.89144,42.495495
loved,15.005235,37.21878
jane,68.38148,12.345295
washed,6.7336445,-36.96511
raleigh,57.863842,-19.64024
almost,9.05093,-4.989844
recollect,-3.5326567,50.327827
whiskey,-25.784082,-18.987848
neck,-50.322586,-2.2630653
bit,15.912723,4.8872185
walked,-9.881871,-4.3084636
thomas,56.94313,-6.535363
runnin,-12.750871,25.171656
sich,-13.243728,46.785088
battle,39.25704,-17.980282
awful,-11.934449,61.769543
visit,-8.6713,4.425036
burn,-36.28169,-2.2689414
number,25.439394,-7.7299156
gittin,-16.18244,28.591341
stole,-31.870752,-7.4124455
chance,1.5303501,27.355513
became,28.104956,7.7461753
ration,-25.513569,-36.61773
corner,19.887539,-45.12368
colonel,51.635536,4.7543354
mine,-26.10518,61.88174
teach,29.739367,40.711224
feel,-2.0277617,19.134005
bottom,-45.136272,-28.15442
mouth,-44.08722,-36.672874
whupped,-11.513504,18.707685
president,37.189034,32.532932
seem,22.047523,37.044476
loose,-23.49359,13.823521
servant,43.179768,11.032618
lookin,-16.8611,22.014597
slept,-56.29892,-20.443491
tellin,3.1369212,51.859154
lef,-30.098473,48.008186
younger,45.112328,15.188532
robert,60.383434,0.67738396
seems,21.987503,36.16724
hour,-16.352114,-26.326666
wen,-38.6875,39.844166
oak,-26.960075,-26.194414
short,-60.260853,-8.702089
johnson,57.311558,3.1066825
tuh,-38.58158,49.588684
law,28.300262,22.343414
stood,-42.05515,7.3358116
pound,12.613779,-49.47855
cooking,-15.228955,-34.399082
getting,10.541948,-9.418052
upon,13.70491,-3.6583245
meetin,7.3506823,10.744546
nurse,9.606028,-28.12746
ob,-44.45811,42.08514
ol,-30.70839,49.349712
widout,-17.119291,28.959991
bob,54.275707,13.831859
board,-45.490475,-18.044031
happened,20.324411,15.010183
color,-47.08058,-37.971928
patch,-19.881168,-46.760334
game,-19.992186,-9.703047
wooden,-39.975502,-25.529991
met,5.8484907,-1.8775529
workin,4.7367525,-33.02428
fellow,48.102795,9.043313
tr,56.18188,-32.37142
passed,-3.892061,-5.685198
crowd,-11.953332,-9.756427
sot,-35.168365,16.87827
plow,-17.747488,-43.706825
neighbor,-11.008776,2.4441764
make,-20.560423,47.610016
driver,0.38303456,-27.789341
st,63.808495,-11.96136
men,-29.574747,27.166378
cried,53.71453,21.021736
coffee,-32.958565,-44.70785
looking,-2.0393567,2.000531
barn,-20.37277,-53.775864
except,20.065815,-14.210085
liked,-1.7751623,27.446833
heavy,-45.177254,-10.27675
sit,-35.83214,15.46905
ghost,21.643848,29.157726
speak,-12.980654,41.9615
strong,29.507013,-4.3630443
abraham,42.603455,32.434612
willis,10.175921,28.71674
cent,30.584242,-22.33032
meeting,7.924263,10.0627165
dirt,-40.82181,-19.843502
jackson,59.78266,0.3845463
sugar,-32.602573,-45.54144
patroller,-8.007601,8.830933
medicine,-52.305435,-37.792202
silver,-32.00818,-17.443796
root,-50.586296,-37.320282
warm,-52.64074,-28.246532
laid,-42.19626,11.805881
afraid,2.8925452,23.637447
nuthin,-34.050167,37.76943
wrong,9.010821,33.1126
forty,28.446924,-16.139277
burned,-37.074085,-0.8855703
share,28.157282,-24.990515
nancy,72.682625,9.745083
james,54.102253,5.9353585
carriage,0.29738167,-27.59019
settin,-34.114883,14.908909
flour,-34.23674,-44.541927
talkin,-15.159117,32.055035
bell,-60.457893,6.9110126
marriage,-23.350979,5.815559
billy,59.5718,20.494967
hat,-62.213284,-5.4968123
hunt,-25.239141,-3.9812818
exslave,25.526295,4.837177
heart,12.835465,50.210743
frum,-35.876984,34.34653
prayer,5.691476,10.612274
usually,20.204132,-7.7797766
louisiana,52.76903,-12.123915
camp,37.90842,-40.70022
seemed,24.30125,14.927773
borned,51.527313,-3.2695892
ed,60.19241,16.572706
le,-2.1787262,41.652523
truth,5.3881345,51.76762
making,9.834283,-10.279815
weather,-55.792393,-28.476402
wish,9.197624,44.631214
gate,-2.3140166,-27.558786
devil,-22.835865,61.59482
talked,10.903189,21.088682
company,45.275616,-33.253456
row,-13.471121,-41.906666
weddin,-20.937824,4.457738
matter,9.25207,31.754404
hardly,-11.196031,40.3511
lee,45.883167,-11.012586
durin,-34.24009,31.77146
straw,-53.992413,-17.543085
quite,22.418182,12.574409
late,-11.519171,-22.58857
gin,-21.379118,-52.136566
ketch,-14.307266,10.04333
office,36.017372,0.65699255
barrel,-31.739666,-30.513952
fly,-28.916023,-21.849834
peace,42.1594,24.04975
candy,-34.220066,-34.988167
wall,-44.49168,-17.558365
lizzie,71.87898,7.5685787
nex,-27.12348,33.032448
holler,-27.983418,6.3843946
certain,16.425694,-5.215746
saved,11.823871,1.5657045
doan,-27.664076,45.22135
bother,5.856943,35.637077
fix,-20.354252,0.88164634
declared,31.353395,8.286619
leaf,-47.6427,-32.990944
post,-44.51745,-0.52016854
pull,-48.905544,8.219423
turkey,-36.011482,-50.319134
change,16.422794,47.514404
southern,35.574203,-10.827529
pulled,-44.06957,5.3235545
breakfast,-17.221779,-30.583796
save,11.765165,1.4583799
judge,45.443428,-0.6258835
jump,-26.590044,7.59612
look,-25.452618,50.105217
ate,-17.703072,-33.405926
hung,-45.454643,4.1711526
get,-20.758821,48.409813
graveyard,-34.543385,-15.018504
shoulder,-56.544014,-0.11715932
plain,-62.0931,-15.854836
fum,-29.717203,32.146675
fact,27.770668,11.616904
sheep,-31.874327,-53.050426
fixed,-20.382284,1.0263449
government,28.379274,0.6508616
dressed,-62.346973,-2.9434311
confederate,38.086834,-12.408331
biscuit,-35.56911,-40.759583
skeered,-16.622086,20.777866
whippin,-8.704914,15.782796
hoe,-17.710295,-43.713524
peter,54.03843,1.7619944
sack,-54.986664,-12.296838
felt,-1.8246311,19.236923
price,36.905396,-25.032354
yer,-45.102287,40.81417
property,28.93912,5.9883046
wake,-19.38281,-22.231758
um,-43.992096,47.059933
methodist,12.75966,15.236388
way,-0.8482176,32.27555
dat,-33.696465,35.974937
neber,-32.4575,40.309895
pair,-65.01744,-6.085676
talking,0.041661773,2.1545262
question,15.6001425,29.314629
tie,-45.63658,2.079174
bark,-48.666126,-37.19936
ball,-18.749277,-9.380046
smoke,-28.331505,-33.322453
joined,14.773704,9.030467
count,-12.525536,49.323387
meet,5.8196306,-2.009508
ended,42.125206,-3.487163
yonder,9.889589,42.58826
frank,62.31569,0.5931665
gettin,-14.827911,27.826998
tobacco,41.331978,-28.326736
window,-4.6868515,-42.35258
bluff,51.992264,-17.234026
c,59.82269,-17.671488
slip,-35.414864,24.163069
han,-43.909554,22.132278
forgot,1.5566673,52.18915
lucy,70.09546,14.896488
ann,68.59182,11.591383
bein,-15.837884,30.518091
cookin,-15.737154,-36.15227
shoot,-18.37377,13.668233
thread,-65.99318,-19.087107
however,20.084118,3.7592652
whenever,18.700926,-7.356904
drunk,-23.277243,-18.893023
pig,-34.40841,-52.606533
memphis,51.52386,-15.682848
hall,66.74402,1.1659477
order,21.969732,-10.481588
lie,11.103959,44.414467
rail,-48.68752,-13.315352
apple,-31.808321,-34.856903
florida,56.705334,-9.913461
singin,0.7201183,10.393493
outside,-5.054879,-40.752476
belief,23.205069,27.48137
education,27.727497,40.88034
recall,20.26133,10.02673
finger,-58.230774,3.9527931
luck,-34.501686,6.411674
either,-4.0343337,35.081974
west,25.165648,-41.803223
party,-17.490707,-14.049086
section,34.245495,-5.3349476
served,16.973246,-14.063489
drive,-0.40049583,-22.9623
whup,-11.304779,19.22425
although,27.417246,10.612077
laugh,-26.964447,56.94361
stuff,-28.535707,-38.515472
grave,-34.71841,-14.53883
tail,-50.117985,6.9144826
homemade,-59.856956,-24.970608
fat,-40.567917,-41.422268
charlie,54.76885,12.813805
bank,32.782963,-48.896633
sense,18.598932,41.609116
quilt,-57.027588,-17.443693
cane,-30.902847,-46.620396
sarah,66.610985,9.118834
fightin,-11.962615,25.528454
missy,-17.08149,55.027218
bright,7.4339566,-45.67673
columbia,58.960663,-18.562414
loom,-64.84582,-20.536522
whether,29.030321,19.76149
throw,-47.515636,6.87089
rain,-52.351936,-23.752007
moore,58.362858,4.8177223
bucket,-40.410423,-27.718096
spirit,22.048708,28.89491
thousand,28.396759,-18.751791
tired,-10.869444,-22.473473
plant,-20.917572,-46.58853
horn,-30.505955,0.530958
building,18.342268,-42.37223
thirty,27.416618,-15.386776
cum,-37.21924,36.796825
sat,-3.4332516,-35.16976
memory,20.637367,13.864291
allow,17.968649,-2.7916458
proud,-16.654608,4.847473
fiel,-15.131195,-42.807293
evvy,-26.271801,32.327446
brush,-40.199352,-13.476185
shop,22.540306,-32.116558
trying,2.8075335,0.18367402
chimney,-43.688927,-22.913069
sung,0.6604934,11.778342
meant,2.0907393,40.38796
vegetable,-26.674562,-42.196262
voice,0.55302966,14.088427
hope,1.2458066,55.657112
regular,21.275343,-7.731512
evening,-14.347927,-24.586107
knee,-52.327293,-0.6784112
watch,-24.782095,-24.696978
bird,-25.138323,-7.771293
coffin,-34.975384,-13.672346
following,25.461277,3.6040382
pile,-26.719053,-15.958429
somewhere,37.9192,-31.281454
inside,-0.9134831,-41.316574
farmer,56.87028,-3.2727067
wheel,-67.01535,-20.765244
gray,-60.822926,-1.1244081
task,17.744495,-27.144516
fannie,66.93109,9.306684
*,61.779354,-19.019794
manner,17.212658,5.074672
build,15.344373,-41.170113
skin,-47.95922,-29.277037
tryin,-17.216639,35.922752
cattle,-30.782207,-53.72651
clear,6.1669545,-47.965843
covered,-35.273422,-21.072674
fit,6.948421,53.20644
betty,71.74555,11.830635
tater,-29.382496,-40.012913
stone,17.522894,-40.288197
whoop,-9.520985,13.555782
fever,-49.84461,-35.332405
broom,-24.90434,6.6852593
wove,-63.899876,-19.65707
plank,-45.57361,-18.463425
finished,-12.123784,-30.309612
rough,-47.797928,-17.761557
shuck,-25.388313,-15.975004
rather,25.711672,11.526223
running,-0.9417444,-3.0388706
true,23.19018,25.520885
alone,34.65845,6.39863
basket,-53.26615,-15.2429285
egg,-35.93357,-39.23828
longer,17.511477,-21.944324
followed,1.4399962,-3.9613388
minute,-47.00688,42.10385
sound,18.305237,2.2637842
ticket,30.83849,32.373947
awhile,-3.168086,-10.952883
think,0.81033945,54.919994
butter,-33.479736,-39.0519
bothered,5.9811516,35.537537
wha,-44.870495,30.858002
jist,-30.958351,44.505333
somepin,-21.912344,29.846361
bone,-47.762135,14.908623
placed,15.400151,-10.301762
agin,-41.08558,44.318096
coat,-62.66144,-7.018119
cat,-51.610424,7.395894
point,33.627995,-10.9209
coal,-40.65377,-35.130566
sale,37.319393,-28.804518
bless,14.125008,50.683586
worry,-18.483683,46.41686
charles,57.186398,-8.445354
past,22.743662,15.144327
taking,8.532592,-10.720526
trip,43.175774,-34.615776
ear,-58.97587,0.63453233
track,45.42062,-36.169315
molasses,-34.55618,-43.982265
snake,-52.488773,7.657503
brick,17.246058,-41.815083
blacksmith,22.340538,-31.888554
martha,68.940735,6.892487
anyhow,-21.547955,40.90869
mud,-44.103687,-22.382479
string,-48.413692,-2.3061192
hang,-45.804184,3.4147563
buggy,-0.11636251,-25.75376
fun,-12.851314,31.334951
take,-21.9944,47.768642
charleston,43.61667,-20.755188
sherman,41.636272,-11.708433
smokehouse,-28.11535,-34.512875
seat,-5.9739385,-34.743874
iffen,-29.004522,43.822037
suit,-64.55779,-5.1377616
rope,-48.29986,-1.3951582
funeral,-34.326824,-12.955222
growed,-21.89386,-42.44976
easy,-12.961112,50.556087
cruel,25.061502,19.182554
continued,13.082827,28.200542
jumped,-26.178024,9.176966
republican,33.457478,31.915071
religion,18.651745,17.396812
tote,-47.55879,8.833024
spell,-10.922781,35.62135
mistis,58.22215,20.509073
onliest,-39.51619,27.520395
sallie,68.70745,7.5974884
chain,-46.67612,0.19212951
changed,0.8014653,51.281776
hound,-25.41362,0.3251942
mattress,-54.694283,-16.935396
really,25.544855,26.998735
atlanta,50.9165,-23.98433
blind,56.124077,16.87159
received,14.392482,-4.9234214
wedding,-21.574669,4.7535186
knock,-28.072279,13.7972145
condition,28.573286,17.189363
be,-40.692745,32.565002
ox,0.23486461,-25.185394
break,-28.469814,5.881859
pole,-45.516846,-16.521614
jined,6.7977967,17.285524
settled,48.98012,-13.749938
blow,-30.810493,0.051550545
brung,-30.88949,35.093002
afternoon,-14.108178,-24.2385
hotel,49.008698,-27.69128
lewis,53.275314,10.651093
e,-43.238636,34.221478
rent,24.0733,-26.388704
lan,-36.79802,31.307734
preach,7.6046724,12.921435
spin,-66.70091,-18.311396
call,-22.772848,51.534744
preached,8.762155,12.841343
hisself,-3.4957433,-15.381387
pant,-62.094482,-7.5769095
quick,-45.123104,19.81993
eatin,-19.430729,-36.36852
washing,5.320528,-36.92875
music,-20.057081,-12.82914
bush,-28.955238,-26.873234
la,-41.32816,43.607445
missis,53.024403,16.205397
grease,-47.54604,-29.51773
middle,19.569748,-46.037327
saying,14.259347,26.29747
farming,21.015821,-24.80969
trough,-39.090534,-26.524078
feather,-55.00853,-16.096176
grass,-32.804844,-26.236895
lash,-10.822414,15.264439
telling,16.472288,20.999926
pan,-39.261623,-30.993607
filled,-35.288803,-22.057154
lick,-11.80071,14.595029
richmond,53.43211,-9.375661
kilt,-17.459345,12.419307
court,37.824074,-0.032791853
picture,30.923542,46.410553
mixed,-36.736965,-44.66619
sont,0.90499157,-15.898761
bury,-34.0499,-16.297306
tol,-29.454271,46.944893
flower,8.426211,-42.72744
heaven,16.325611,53.627995
polly,71.5806,14.3341
berry,-51.872997,-39.688354
dug,-35.222347,-18.263176
dream,-33.084885,3.8291855
kep,-26.883022,20.298992
remained,24.176884,0.38554582
stove,-41.396175,-33.207226
winnsboro,59.667675,-16.850576
main,23.395226,-39.43386
officer,41.896088,-15.3602915
fool,18.851538,41.969814
wide,-44.685593,-13.188808
pocket,-54.7058,-7.602857
visitor,23.550652,6.3847914
whe,-13.158033,38.84037
please,-26.518286,56.027225
frame,19.872831,-41.699482
scott,52.540825,3.1114342
rebel,40.113308,-15.197325
crazy,-13.10128,35.188587
trade,21.594023,-30.782574
thank,14.403131,50.403107
rag,-57.75978,-16.471157
liquor,-25.489838,-18.535933
car,-4.542831,-30.555868
patterollers,-7.5447445,8.032119
sorry,-6.380522,56.5227
deep,-36.311054,-18.65845
wool,-63.12819,-20.318468
hungry,-12.797137,2.1770618
glass,-41.49806,-27.65361
oil,-49.09735,-39.656914
fiddle,-19.825132,-13.232749
blong,64.517876,3.0689776
see,-25.065327,49.481293
grand,34.495358,10.823718
harris,68.43414,5.45872
oven,-38.517887,-35.156754
treat,15.930816,36.79595
worth,31.481398,-23.876818
leather,-58.818684,-6.3136344
reached,13.939286,-10.009275
worse,19.432114,35.265144
weave,-65.96471,-17.734964
ham,-27.98774,-35.238705
give,-20.61686,49.039898
moon,-35.704884,6.94417
der,-35.05326,43.803776
biggest,-7.1329856,-27.777412
bag,-55.225216,-13.152085
allen,53.141438,2.470564
walking,-0.85474026,1.5040537
replied,14.704159,27.108326
whuppin,-11.714794,18.186354
gold,-31.759995,-17.736015
cose,-15.816999,41.83695
size,-39.138454,-12.601708
answer,15.265679,28.943056
fair,-6.1984982,46.170906
rule,25.659575,21.045631
outen,-41.627922,26.326706
beatin,-9.496928,17.607634
welfare,32.579258,1.4033442
required,20.130592,-4.439807
jefferson,58.32954,-12.936706
helena,53.190056,-15.802203
widow,56.450695,9.882067
clothing,-23.328003,-31.790936
twentyfive,28.007534,-15.767846
hed,-36.31713,35.9987
bale,-21.753654,-51.581284
tended,7.0006714,-28.843283
jesus,12.237293,55.08141
witch,-10.779007,35.617268
soul,12.489581,52.0482
grove,21.742266,-43.08865
gang,-12.002188,-9.326857
goose,-36.369396,-49.943394
charge,8.190876,-23.219896
roll,-49.26353,-7.3529887
pateroles,-8.822976,8.949389
become,27.666746,9.850766
carpenter,21.767315,-30.922289
account,28.582376,13.401001
nother,-36.6067,41.022533
frolic,-17.969973,-15.236876
ud,-34.869564,24.675611
dry,-34.725063,-27.280478
herb,-51.318275,-38.0577
governor,38.095497,31.48444
according,26.68844,-2.3774946
showed,-43.52168,1.5381393
crack,-44.830524,-22.043697
fetch,0.46677303,-16.433115
ring,-60.290916,6.726917
standin,-33.762108,14.379837
whilst,-23.416027,30.87751
begin,-5.880579,-0.38851207
tend,6.2204704,-29.516745
whose,59.124157,-4.125784
common,15.513462,-16.155916
fresh,-35.27332,-37.386047
christian,16.988031,53.788887
news,38.44935,-9.48281
rid,-2.826412,-16.857233
swamp,36.72108,-43.49037
nebber,-34.086056,42.573204
couple,-24.221998,6.2891912
anderson,63.261726,-8.743132
special,-14.884323,-16.205956
sumpin,-8.97868,28.097918
neer,-44.763718,31.144058
letter,34.166656,43.429432
sally,70.06436,15.619871
nursed,9.472161,-28.299309
cap,-64.03152,-2.9105933
na,-43.794033,45.633636
heared,-17.74067,26.370317
handle,-52.15229,14.371815
returned,23.219433,0.26686203
rose,8.302719,-43.628777
standing,-6.645986,-0.7324406
louis,63.56098,-11.500981
wah,-38.604164,50.252415
public,35.191025,0.5537038
gathered,-34.474216,-28.107172
waited,10.068176,-30.329746
huntin,-23.40531,-4.7038574
pickin,-15.536063,-47.997787
etc,16.222387,-12.18081
danced,-20.211391,-15.037556
grow,-37.802658,-7.223925
walkin,-5.9731264,-17.686377
split,-49.008923,-12.915709
wage,28.336666,-24.7933
fambly,-30.46605,29.266563
axed,-21.90915,38.85134
shore,-13.066599,58.27589
believed,23.67866,26.251297
ahead,15.086283,4.483706
hampton,43.478786,-8.76252
b,61.9508,-16.183027
syrup,-33.452114,-43.951477
makin,-14.274625,27.250637
worker,19.232122,-28.849545
ober,-36.583508,39.324234
dick,64.00988,-2.3257136
quiet,17.952047,13.665537
happen,7.0034084,40.881737
klan,7.2941628,40.466507
considered,27.786808,-3.4340503
experience,21.3916,13.626707
miller,57.136692,-1.1052185
funny,-27.11739,57.49099
washin,4.617938,-35.088753
flat,-48.210377,-20.609753
heah,-39.99423,48.810215
sc,60.15795,-17.750149
knife,-57.76363,0.2629036
seeing,18.434616,11.771923
forget,21.914808,46.226032
gib,-37.683807,34.810383
soap,-46.393497,-30.309866
unless,16.174454,-1.1836542
trader,35.726067,-30.283266
opened,-3.9845998,-44.483513
shake,-49.655773,12.4850025
broad,25.361626,-39.960575
struck,-44.92879,-9.324199
monday,-14.394798,-20.771147
emancipation,25.608936,0.7965724
self,21.900324,-21.575584
busy,-11.776324,-46.444916
amount,19.550226,-11.921857
liza,70.09686,10.953895
fought,39.189095,-17.862963
minister,10.783052,11.171176
homespun,-62.728687,-16.503696
earth,15.604257,55.082134
nevah,-37.292942,49.12274
grandchild,45.142826,2.6834283
spent,18.466076,-17.274565
fear,2.446774,22.39816
evvybody,-23.398975,32.956486
dave,68.81589,-5.580257
yellow,-49.450172,-34.484188
join,14.955585,9.041415
neighborhood,41.186054,16.048496
act,13.54894,22.13257
dye,-47.544846,-37.60671
birth,50.48882,-4.73357
col,54.211697,5.493395
dish,-12.02765,-36.217415
tore,-38.437645,-1.0726867
susan,70.97978,8.809806
mercy,6.171871,51.894703
whatever,-4.2849665,29.519459
nuff,-25.135937,61.572273
east,25.014389,-41.71534
betsy,72.556076,14.788055
interviewer,23.597908,6.085987
burnt,-36.725956,-1.5269673
sez,-28.52646,44.826054
snow,-50.854107,-21.841682
powerful,-12.522497,59.779644
health,28.093086,15.365106
holiday,-16.325941,-16.713829
buck,-21.174465,-15.452651
keer,9.623391,-24.017698
ridin,-5.5505543,-17.944767
victual,-17.927149,-37.16072
northern,36.690243,-11.145402
besides,14.198256,-13.815492
promised,29.638378,13.459734
takin,-14.280139,2.726344
understand,14.81733,21.97156
whooped,-8.13882,12.791461
granny,52.153133,18.364233
class,11.863152,8.09141
daid,-27.132113,44.56084
decided,19.702576,5.2593164
spun,-64.6166,-19.469545
david,61.027683,18.339504
difference,34.96327,18.859041
thin,-58.1725,-24.504477
da,-18.841599,25.136156
pore,-8.443138,52.71736
terrible,23.325823,19.617123
playing,10.098882,-16.33703
jordan,54.004864,27.235699
tight,-56.31542,-4.459252
ironed,6.7424107,-37.314053
sheet,-50.611046,-21.311893
sundown,-18.20016,-25.340511
keep,-23.035625,50.75352
grant,42.558346,-11.256588
distance,28.652979,-42.126335
group,23.680365,-3.0614135
market,40.482685,-28.651972
religious,11.947871,10.864224
emma,67.75698,15.696846
eating,-17.956985,-31.995935
skirt,-55.19492,-5.332968
evenin,-14.820466,-22.102438
douglas,62.506218,9.507523
stuck,-42.499954,6.9804645
treatment,26.40381,17.685835
outer,-45.12188,28.898434
havin,-13.841407,31.426516
knocked,-25.977098,9.93947
cousin,55.92671,16.06888
pass,-7.9458265,6.580988
waist,-54.94651,-4.987946
saddle,-6.191419,-20.164764
wind,-52.85535,-23.822714
sheriff,38.083183,-1.2133125
suh,-2.5347853,61.182934
cannon,6.673858,-47.133812
youngest,60.53557,10.473496
seein,-21.861137,20.49344
bench,-9.129833,-35.91166
listen,10.617788,21.007908
spoke,17.16661,26.84982
annie,70.30203,12.744674
laughed,-21.762589,39.697243
offen,-45.16837,28.583944
bound,12.858756,-36.428978
farmin,21.930462,-23.908533
jine,6.64383,17.35037
missouri,49.45574,-16.816805
rented,24.070204,-26.269505
throwed,-44.563717,5.773603
rheumatism,-52.86822,-8.334893
band,-62.171112,2.6639147
adam,69.38959,-3.927488
beating,-6.367978,16.055588
ship,43.37381,-21.709726
wade,43.67823,-8.068382
booker,39.223663,34.397552
plum,-24.548584,25.883144
fort,43.144363,-19.902388
return,21.97178,0.26550967
fraid,-15.328032,20.582903
attended,12.178663,10.586295
former,28.013815,6.9980307
gallery,9.433,15.157171
mark,1.7895632,-56.578896
adeline,40.04999,6.531624
pen,-35.712547,-53.337017
answered,14.915603,28.497385
fighting,0.4595835,3.1408708
grew,12.140944,-14.560609
taylor,56.893517,1.7677246
purpose,16.343115,-8.741324
cover,-52.20282,-18.384785
runned,-26.424427,41.36272
punishment,25.346527,19.95382
deal,37.372406,-23.434988
hell,18.434698,18.107794
ellen,67.307014,16.02306
somehow,17.592873,50.07508
yas,-2.8973954,61.010777
star,-36.125637,7.2998314
roosevelt,36.92213,32.74125
college,46.599182,-0.3429251
slipped,-4.560132,-6.416643
athens,52.45208,-23.640547
jake,57.0071,14.364959
madison,61.10963,-9.401503
card,-67.90288,-18.82128
baptized,10.35194,16.057352
picking,-14.96176,-47.61723
load,41.934887,-30.878061
marion,53.001045,-3.724994
cared,9.260287,-26.07521
island,47.03119,-18.375925
draw,-49.809307,12.12273
daniel,66.15226,12.393088
thick,-46.54543,-4.5892572
nat,63.571163,-7.20632
julia,71.55224,8.502618
maid,44.26723,10.506206
square,22.514736,-43.78065
hunting,-24.758953,-3.9516234
butler,44.497875,9.383722
stable,-19.920221,-54.373653
hurry,-18.455917,29.935673
wheeler,39.87834,-12.125714
instead,19.746923,-8.784268
prayed,4.4455247,11.413632
already,35.947987,43.61015
peach,-31.658848,-35.450455
season,-25.743862,-40.78687
led,-3.058155,-5.034005
kaise,10.738758,55.701664
anyway,4.4452066,42.56048
playin,8.701381,-16.813461
hearing,15.927155,21.185272
teat,-20.58538,-35.27321
cleaned,7.850656,-37.82511
king,68.55797,-6.2383323
serve,16.133661,52.175655
cure,-49.82696,-38.516853
crick,-20.298178,-4.5466137
brass,-64.59597,-0.86249506
bridge,36.375008,-40.63184
preachin,7.53775,12.164342
f,-35.57236,48.7053
key,-31.32994,-19.027855
learnt,28.255505,39.099483
gon,-43.83033,45.480812
auntie,51.70085,14.210218
branch,33.7341,-46.08321
wukked,-26.168175,29.364178
tale,20.314898,22.911274
bean,-30.542835,-41.980534
least,29.457352,-14.598069
spot,-33.608997,6.425611
alice,68.24453,14.342464
stated,38.26504,7.007078
marble,-19.168922,-9.6088295
scale,63.28989,-8.1142435
warnt,-28.942831,38.283134
heered,-17.509249,26.284245
interview,24.69699,5.2398767
singing,0.33317447,9.519206
wrote,34.37437,43.395405
remembered,19.278175,13.020167
ohio,49.053577,-17.100365
spinning,-66.059845,-20.209436
furniture,-9.641508,-31.405355
candle,-37.59969,-41.51887
planted,-21.282042,-46.508587
clay,16.168827,-43.68885
fruit,-31.756618,-35.766846
augusta,50.36106,-24.280087
bunch,-28.053085,-3.7287574
smile,1.6131951,16.955437
sang,0.8880187,12.316083
permitted,18.885252,-3.9472306
speculator,36.795483,-29.452633
bowl,-39.41478,-26.56535
eber,-32.91122,40.44329
lack,29.633015,17.46038
wud,-36.49156,35.637234
spend,18.93018,-17.693005
warren,54.827324,-13.0489235
fanny,72.90416,15.1215725
groun,-41.736732,-11.71425
follow,-0.52281123,7.248215
coon,-23.976702,-6.0953245
baked,-37.653507,-36.094532
crossed,55.864395,-32.264668
sech,-13.919013,46.399837
boot,-64.914,-6.9026246
african,14.116968,15.069961
button,-64.85889,-1.3599805
visited,-9.5509815,3.2363384
pie,-36.298283,-37.15503
hate,6.0199394,47.068695
furnished,-9.8891,-31.153294
chap,-19.162592,-3.9742274
skillet,-39.139526,-34.06903
pond,35.828915,-45.677982
duty,21.084883,-3.905473
cant,4.2717657,44.95889
weed,-33.06533,-26.347128
mamma,64.9166,13.6668215
purty,-10.510566,60.659412
uster,-39.887096,26.692863
tear,-55.79435,4.8583508
dare,-26.712076,35.878513
leaving,8.3360405,-5.53468
extra,-23.961887,-30.796986
sew,-65.97363,-16.913933
sojers,-33.492928,25.400597
pleased,1.0210521,37.081047
occasion,21.456766,3.89203
boil,-45.246567,-37.214134
lawyer,36.751812,1.9093941
consisted,16.319756,-13.324789
effen,-45.72029,40.02401
ill,26.577755,16.467178
isaac,63.169888,5.6649613
voting,32.915195,31.424572
goodbye,23.175005,7.479081
turnip,-29.523024,-41.978214
haid,-44.540905,20.871801
bull,-60.380657,3.4154584
newberry,58.732063,-14.004809
drop,-48.84077,-7.749608
ward,62.28685,-3.470141
auction,37.304283,-27.642984
offered,32.987766,-20.039154
preaching,10.495973,14.068258
shuckin,-25.643154,-16.51286
giving,13.389565,-6.5601645
wilson,60.90184,-9.148287
live,-44.584885,32.925014
cryin,-7.681599,21.044973
support,32.255352,2.0832717
plumb,-23.858582,26.850508
toward,-0.074756965,8.122015
ha,-35.710487,47.976284
mose,60.5089,12.090071
alex,53.69633,-8.205268
barbecue,-17.617762,-15.429673
cord,-50.046898,-14.331615
udder,-45.49364,32.915966
expected,19.221972,2.3120098
collard,-29.633802,-41.405224
jess,-17.317432,39.681942
alec,62.4582,19.248697
healthy,29.40202,-4.308336
thompson,62.890102,-2.5200088
sand,-39.88447,-19.967701
naked,-53.549046,-5.0409317
federal,37.24102,-11.565663
shade,-25.910225,-25.8898
blowed,-30.859459,-0.1270228
fill,-38.003014,-25.37563
franklin,57.99363,-12.103528
labor,16.750097,-25.414219
squirrel,-23.149054,-7.9701767
camped,37.425514,-40.621223
attend,20.034512,-6.291391
